{
  "easycom": {
    "^u-(.*)": "@/uview-ui/components/u-$1/u-$1.vue"
  },
  "pages": [ //pages数组中第一项表示应用启动页，参考：https://uniapp.dcloud.io/collocation/pages
    {
      "path": "pages/home/home",
      "style": {
        "navigationStyle": "custom", // 隐藏系统导航栏
        "navigationBarTextStyle": "white"
      }
    },
    {
      "path": "pages/my/my",
      "style": {
        "navigationBarTitleText": "",
        "enablePullDownRefresh": false
      }
    },
    {
      "path": "pages/temperature/temperature",
      "style": {
        "navigationBarTitleText": "本地天气",
        "navigationBarTextStyle": "black",
        "enablePullDownRefresh": false
      }
    },
    {
      "path": "pages/humidity/humidity",
      "style": {
        "navigationBarTitleText": "",
        "enablePullDownRefresh": false
      }
    },
    {
      "path": "pages/register/register",
      "style": {
        "navigationBarTitleText": "",
        "enablePullDownRefresh": false
      }
    },
    {
      "path": "pages/login/login",
      "style": {
        "navigationBarTitleText": "登录",
        "navigationBarTextStyle": "black",
        "enablePullDownRefresh": false
      }
    },
    {
      "path": "pages/market/market",
      "style": {
        "navigationStyle": "custom", // 隐藏系统导航栏
        "navigationBarTextStyle": "black"
      }
    },
    {
      "path": "pages/admin/admin",
      "style": {
        "navigationStyle": "custom", // 隐藏系统导航栏
        "navigationBarTextStyle": "white"
      }
    },
    {
      "path": "uview-ui/components/u-avatar-cropper/u-avatar-cropper",
      "style": {
        "navigationBarTitleText": "头像裁剪",
        "navigationBarBackgroundColor": "#000000"
      }
    },
    {
      "path": "pages/luntan/luntan",
      "style": {
        "navigationStyle": "custom", // 隐藏系统导航栏
        "navigationBarTextStyle": "white"
      }
    },
    {
      "path": "pages/chatgpt/chatgpt",
      "style": {
        "navigationBarTitleText": "智能问答",
        "navigationBarTextStyle": "black",
        "enablePullDownRefresh": false
      }
    },
    {
      "path": "pages/shengaojilu/shengaojilu",
      "style": {
        "navigationStyle": "custom", // 隐藏系统导航栏
        "navigationBarTextStyle": "black"

      }
    },
    {
      "path": "pages/add-recorder/add-recorder",
      "style": {
        "navigationStyle": "custom", // 隐藏系统导航栏
        "navigationBarTextStyle": "black"
      }
    },
    {
      "path": "pages/index/index",
      "style": {
        "navigationBarTitleText": "疫苗接种",
        "navigationBarTextStyle": "black",
        "enablePullDownRefresh": false
      }
    },
    {
      "path": "pages/eat/eat",
      "style": {
        "navigationBarTitleText": "能不能吃",
        "navigationBarTextStyle": "black",
        "enablePullDownRefresh": false
      }
    },
    {
      "path": "pages/tiezi/tiezi",
      "style": {
        "navigationStyle": "custom", // 隐藏系统导航栏
        "navigationBarTextStyle": "black"
      }
    },
    {
      "path": "pages/index2/index2",
      "style": {
        "navigationBarTitleText": "",
        "enablePullDownRefresh": false
      }
    },
    {
      "path": "pages/add-user/add-user",
      "style": {
        "navigationBarTitleText": "",
        "enablePullDownRefresh": false
      }
    },
    {
      "path" : "index3/index3",
      "style" : 
      {
        "navigationBarTitleText" : "",
        "enablePullDownRefresh" : false
      }
    }
  ],
  "globalStyle": {
    "navigationBarTextStyle": "white",
    "navigationBarTitleText": "uni-app",
    "navigationBarBackgroundColor": "#ffffff",
    "backgroundColor": "#fff"
  },
  "tabBar": {
    "color": "#7A7E83",
    "selectedColor": "#3cc51f",
    "borderStyle": "black",
    "backgroundColor": "#ffffff",
    "height": "50px",
    "fontSize": "10px",
    "iconWidth": "24px",
    "spacing": "3px",
    "list": [{
        "pagePath": "pages/home/home",
        "iconPath": "static/logistics-warehouse.png",
        "selectedIconPath": "static/logistics-warehouse-fill.png",
        "text": "首页"
      }, {
        "pagePath": "pages/luntan/luntan",
        "iconPath": "static/message-comments.png",
        "selectedIconPath": "static/message-comments-fill.png",
        "text": "成长记录"
      }, {
        "pagePath": "pages/chatgpt/chatgpt",
        "iconPath": "static/atm.png",
        "selectedIconPath": "static/atm-fill.png",
        "text": "智能问答"
      },
      {
        "pagePath": "pages/my/my",
        "iconPath": "static/customer-group.png",
        "selectedIconPath": "static/customer-group-fill.png",
        "text": "我的"
      }
    ]
  },
  "uniIdRouter": {}
}